id_customer,ds_customer,id_location,division,sales_manager
2431,Customer 2431,LOTX00474,South/Southeast,James Miller
2434,Customer 2434,LOIL00475,Central/Northeast,Angela Thompson
2437,Customer 2437,LOIL00476,Central/Northeast,Angela Thompson
2440,Customer 2440,LOMO00487,Central/Northeast,Angela Thompson
2443,Customer 2443,LOMO00488,Central/Northeast,Angela Thompson
2446,Customer 2446,LOIL00489,Central/Northeast,Angela Thompson
2449,Customer 2449,LOMO00500,Central/Northeast,Angela Thompson
2452,Customer 2452,LOMO00501,Central/Northeast,Angela Thompson
2455,Customer 2455,LOTN00503,West,Robert Garcia
2458,Customer 2458,LOTN00504,West,Robert Garcia
2461,Customer 2461,LOTN00505,West,Robert Garcia
2464,Customer 2464,LOCA00507,Central/Northeast,Angela Thompson
2467,Customer 2467,LOCA00508,Central/Northeast,Angela Thompson
2470,Customer 2470,LOTN00513,West,Robert Garcia
2473,Customer 2473,LONC00517,West,Robert Garcia
2476,Customer 2476,LONC00518,West,Robert Garcia
2479,Customer 2479,LONC00519,West,Robert Garcia
2482,Customer 2482,LONC00520,West,Robert Garcia
2485,Customer 2485,LONC00521,West,Robert Garcia
2488,Customer 2488,LOCA00522,Central/Northeast,Angela Thompson
2491,Customer 2491,LOCA00523,Central/Northeast,Angela Thompson
2494,Customer 2494,LOCA00524,Central/Northeast,Angela Thompson
2497,Customer 2497,LOCA00525,Central/Northeast,Angela Thompson
2500,Customer 2500,LOCA00526,Central/Northeast,Angela Thompson
2503,Customer 2503,LOCA00527,Central/Northeast,Angela Thompson
2506,Customer 2506,LOCA00528,Central/Northeast,Angela Thompson
2509,Customer 2509,LOTN00534,West,Robert Garcia
2512,Customer 2512,LOTN00535,West,Robert Garcia
2515,Customer 2515,LOTN00536,West,Robert Garcia
2518,Customer 2518,LOTN00537,West,Robert Garcia
2521,Customer 2521,LOTN00538,West,Robert Garcia
2524,Customer 2524,LOTN00540,West,Robert Garcia
2527,Customer 2527,LOTN00541,West,Robert Garcia
2530,Customer 2530,LOCA00548,Central/Northeast,Angela Thompson
2533,Customer 2533,LOCA00549,Central/Northeast,Angela Thompson
2536,Customer 2536,LOCA00550,Central/Northeast,Angela Thompson
2539,Customer 2539,LOCA00551,Central/Northeast,Angela Thompson
2542,Customer 2542,LOWA00553,West,Robert Garcia
2545,Customer 2545,LONC00554,West,Robert Garcia
2548,Customer 2548,LONY00566,Central/Northeast,Angela Thompson
2551,Customer 2551,LOTX00570,South/Southeast,James Miller
2554,Customer 2554,LOCA00575,Central/Northeast,Angela Thompson
2557,Customer 2557,LOCA00576,Central/Northeast,Angela Thompson
2560,Customer 2560,LOCA00577,Central/Northeast,Angela Thompson
2563,Customer 2563,LOMO00581,Central/Northeast,Angela Thompson
2566,Customer 2566,LONY00593,Central/Northeast,Angela Thompson
2569,Customer 2569,LOIL00595,Central/Northeast,Angela Thompson
2572,Customer 2572,LOIL00596,Central/Northeast,Angela Thompson
2575,Customer 2575,LOIL00597,Central/Northeast,Angela Thompson
2578,Customer 2578,LOIL00598,Central/Northeast,Angela Thompson
2581,Customer 2581,LOIL00599,Central/Northeast,Angela Thompson
2584,Customer 2584,LOIL00600,Central/Northeast,Angela Thompson
2587,Customer 2587,LOIL00601,Central/Northeast,Angela Thompson
2590,Customer 2590,LOIL00620,Central/Northeast,Angela Thompson
2593,Customer 2593,LOIL00621,Central/Northeast,Angela Thompson
2596,Customer 2596,LOIL00622,Central/Northeast,Angela Thompson
2599,Customer 2599,LOIL00623,Central/Northeast,Angela Thompson
2602,Customer 2602,LOIL00624,Central/Northeast,Angela Thompson
2605,Customer 2605,LONC00630,West,Robert Garcia
2608,Customer 2608,LOMO00635,Central/Northeast,Angela Thompson
2611,Customer 2611,LONC00644,West,Robert Garcia
2614,Customer 2614,LODC00649,Central/Northeast,Angela Thompson
2617,Customer 2617,LODC00650,Central/Northeast,Angela Thompson
2620,Customer 2620,LODC00651,Central/Northeast,Angela Thompson
2623,Customer 2623,LODC00652,Central/Northeast,Angela Thompson
2626,Customer 2626,LODC00653,Central/Northeast,Angela Thompson
2629,Customer 2629,LODC00654,Central/Northeast,Angela Thompson
2632,Customer 2632,LODC00655,Central/Northeast,Angela Thompson
2635,Customer 2635,LODC00656,Central/Northeast,Angela Thompson
2638,Customer 2638,LODC00657,Central/Northeast,Angela Thompson
2641,Customer 2641,LODC00658,Central/Northeast,Angela Thompson
2644,Customer 2644,LODC00659,Central/Northeast,Angela Thompson
2647,Customer 2647,LODC00660,Central/Northeast,Angela Thompson
2650,Customer 2650,LODC00661,Central/Northeast,Angela Thompson
2653,Customer 2653,LODC00662,Central/Northeast,Angela Thompson
2656,Customer 2656,LODC00663,Central/Northeast,Angela Thompson
2659,Customer 2659,LODC00664,Central/Northeast,Angela Thompson
2662,Customer 2662,LODC00665,Central/Northeast,Angela Thompson
2665,Customer 2665,LODC00666,Central/Northeast,Angela Thompson
2668,Customer 2668,LOIL00667,Central/Northeast,Angela Thompson
2671,Customer 2671,LONC00668,West,Robert Garcia
2674,Customer 2674,LONC00669,West,Robert Garcia
2677,Customer 2677,LOWA00684,West,Robert Garcia
2680,Customer 2680,LOWA00685,West,Robert Garcia
2683,Customer 2683,LOWA00686,West,Robert Garcia
2686,Customer 2686,LOVA00697,South/Southeast,James Miller
2689,Customer 2689,LOCA00699,Central/Northeast,Angela Thompson
2692,Customer 2692,LOTX00702,South/Southeast,James Miller
2695,Customer 2695,LOTX00703,South/Southeast,James Miller
2698,Customer 2698,LOTN00705,West,Robert Garcia
2701,Customer 2701,LOTN00706,West,Robert Garcia
2704,Customer 2704,LOCA00707,Central/Northeast,Angela Thompson
2707,Customer 2707,LOCA00708,Central/Northeast,Angela Thompson
2710,Customer 2710,LOCA00709,Central/Northeast,Angela Thompson
2713,Customer 2713,LOCA00710,Central/Northeast,Angela Thompson
2716,Customer 2716,LOCA00711,Central/Northeast,Angela Thompson
2719,Customer 2719,LOCA00712,Central/Northeast,Angela Thompson
2722,Customer 2722,LOCA00713,Central/Northeast,Angela Thompson
2725,Customer 2725,LOCA00714,Central/Northeast,Angela Thompson
2728,Customer 2728,LOCA00715,Central/Northeast,Angela Thompson
2731,Customer 2731,LOCA00716,Central/Northeast,Angela Thompson
2734,Customer 2734,LOCA00717,Central/Northeast,Angela Thompson
2737,Customer 2737,LOCA00718,Central/Northeast,Angela Thompson
2740,Customer 2740,LOCA00719,Central/Northeast,Angela Thompson
2743,Customer 2743,LOCA00720,Central/Northeast,Angela Thompson
2746,Customer 2746,LOCA00721,Central/Northeast,Angela Thompson
2749,Customer 2749,LOCA00722,Central/Northeast,Angela Thompson
2752,Customer 2752,LOCA00723,Central/Northeast,Angela Thompson
2755,Customer 2755,LOIL00724,Central/Northeast,Angela Thompson
2758,Customer 2758,LOIL00725,Central/Northeast,Angela Thompson
2761,Customer 2761,LOTN00730,West,Robert Garcia
2764,Customer 2764,LOTN00733,West,Robert Garcia
2767,Customer 2767,LOTN00734,West,Robert Garcia
2770,Customer 2770,LOTN00735,West,Robert Garcia
2773,Customer 2773,LOIL00738,Central/Northeast,Angela Thompson
2776,Customer 2776,LONC00739,West,Robert Garcia
2779,Customer 2779,LOWA00741,West,Robert Garcia
2782,Customer 2782,LOCA00763,Central/Northeast,Angela Thompson
2785,Customer 2785,LOTN00767,West,Robert Garcia
2788,Customer 2788,LOTN00768,West,Robert Garcia
2791,Customer 2791,LOTX00788,South/Southeast,James Miller
2794,Customer 2794,LOTX00789,South/Southeast,James Miller
2797,Customer 2797,LOTN00889,West,Robert Garcia
2800,Customer 2800,LOTN00891,West,Robert Garcia
2803,Customer 2803,LOIL00894,Central/Northeast,Angela Thompson
2806,Customer 2806,LOIL00898,Central/Northeast,Angela Thompson
2809,Customer 2809,LOIL00900,Central/Northeast,Angela Thompson
2812,Customer 2812,LOIL00901,Central/Northeast,Angela Thompson
2815,Customer 2815,LOIL00902,Central/Northeast,Angela Thompson
2818,Customer 2818,LOIL00903,Central/Northeast,Angela Thompson
2821,Customer 2821,LOIL00904,Central/Northeast,Angela Thompson
2824,Customer 2824,LOIL00905,Central/Northeast,Angela Thompson
2827,Customer 2827,LOIL00906,Central/Northeast,Angela Thompson
2830,Customer 2830,LOCA00908,Central/Northeast,Angela Thompson
2833,Customer 2833,LONC00910,West,Robert Garcia
2836,Customer 2836,LOCA00911,Central/Northeast,Angela Thompson
2839,Customer 2839,LOCA00914,Central/Northeast,Angela Thompson
2842,Customer 2842,LOCA00915,Central/Northeast,Angela Thompson
2845,Customer 2845,LOCA00916,Central/Northeast,Angela Thompson
2848,Customer 2848,LOCA00917,Central/Northeast,Angela Thompson
2851,Customer 2851,LOCA00918,Central/Northeast,Angela Thompson
2854,Customer 2854,LOCA00919,Central/Northeast,Angela Thompson
2857,Customer 2857,LONC00920,West,Robert Garcia
2860,Customer 2860,LONC00921,West,Robert Garcia
2863,Customer 2863,LONC00922,West,Robert Garcia
2866,Customer 2866,LONC00923,West,Robert Garcia
2869,Customer 2869,LONC00924,West,Robert Garcia
2872,Customer 2872,LONC00925,West,Robert Garcia
2875,Customer 2875,LOTN00935,West,Robert Garcia
2878,Customer 2878,LOTN00936,West,Robert Garcia
2881,Customer 2881,LOTN00937,West,Robert Garcia
2884,Customer 2884,LOTN00938,West,Robert Garcia
2887,Customer 2887,LOTN00939,West,Robert Garcia
2890,Customer 2890,LOTN00940,West,Robert Garcia
2893,Customer 2893,LOTN00941,West,Robert Garcia
2896,Customer 2896,LOTN00942,West,Robert Garcia
2899,Customer 2899,LOTN00943,West,Robert Garcia
2902,Customer 2902,LOTN00944,West,Robert Garcia
2905,Customer 2905,LOTN00945,West,Robert Garcia
2908,Customer 2908,LOTN00946,West,Robert Garcia
2911,Customer 2911,LOTN00947,West,Robert Garcia
2914,Customer 2914,LOTN00948,West,Robert Garcia
2917,Customer 2917,LOTN00949,West,Robert Garcia
2920,Customer 2920,LOTN00950,West,Robert Garcia
2923,Customer 2923,LOTN00951,West,Robert Garcia
2926,Customer 2926,LOTN00952,West,Robert Garcia
2929,Customer 2929,LOTN00953,West,Robert Garcia
2932,Customer 2932,LOTN00954,West,Robert Garcia
2935,Customer 2935,LOTN00955,West,Robert Garcia
2938,Customer 2938,LOTN00956,West,Robert Garcia
2941,Customer 2941,LOTN00957,West,Robert Garcia
2944,Customer 2944,LOTN00958,West,Robert Garcia
2947,Customer 2947,LOTN00959,West,Robert Garcia
2950,Customer 2950,LOTN00960,West,Robert Garcia
2953,Customer 2953,LOTN00961,West,Robert Garcia
2956,Customer 2956,LOCA00963,Central/Northeast,Angela Thompson
2959,Customer 2959,LOCA00966,Central/Northeast,Angela Thompson
2962,Customer 2962,LOCA00967,Central/Northeast,Angela Thompson
2965,Customer 2965,LOCA00968,Central/Northeast,Angela Thompson
2968,Customer 2968,LOCA00969,Central/Northeast,Angela Thompson
2971,Customer 2971,LOCA00970,Central/Northeast,Angela Thompson
2974,Customer 2974,LOCA00971,Central/Northeast,Angela Thompson
2977,Customer 2977,LOCA00972,Central/Northeast,Angela Thompson
2980,Customer 2980,LOCA00973,Central/Northeast,Angela Thompson
2983,Customer 2983,LOIL00974,South/Southeast,James Miller
2986,Customer 2986,LOIL00975,South/Southeast,James Miller
2989,Customer 2989,LOTX00976,South/Southeast,James Miller
2992,Customer 2992,LOCA00977,Central/Northeast,Angela Thompson
2995,Customer 2995,LOVA00982,South/Southeast,James Miller
2998,Customer 2998,LONY00987,Central/Northeast,Angela Thompson
3001,Customer 3001,LONY00988,Central/Northeast,Angela Thompson
3004,Customer 3004,LOCA00990,Central/Northeast,Angela Thompson
3007,Customer 3007,LOIL01005,Central/Northeast,Angela Thompson
3010,Customer 3010,LOIL01006,Central/Northeast,Angela Thompson
3013,Customer 3013,LOIL01007,Central/Northeast,Angela Thompson
3016,Customer 3016,LOIL01008,Central/Northeast,Angela Thompson
3019,Customer 3019,LOWA01019,West,Robert Garcia
3022,Customer 3022,LOTX01020,South/Southeast,James Miller
3025,Customer 3025,LOTX01021,South/Southeast,James Miller
3028,Customer 3028,LOCA01024,Central/Northeast,Angela Thompson
3031,Customer 3031,LONC01034,West,Robert Garcia
3034,Customer 3034,LONC01035,West,Robert Garcia
3037,Customer 3037,LONC01036,West,Robert Garcia
3040,Customer 3040,LONC01037,West,Robert Garcia
3043,Customer 3043,LOCA01042,Central/Northeast,Angela Thompson
3046,Customer 3046,LOCA01043,Central/Northeast,Angela Thompson
3049,Customer 3049,LOIL01047,Central/Northeast,Angela Thompson
3052,Customer 3052,LOMO01069,Central/Northeast,Angela Thompson
3055,Customer 3055,LOMO01070,Central/Northeast,Angela Thompson
3058,Customer 3058,LOMO01071,Central/Northeast,Angela Thompson
3061,Customer 3061,LOMO01072,Central/Northeast,Angela Thompson
3064,Customer 3064,LOMO01073,Central/Northeast,Angela Thompson
3067,Customer 3067,LOMO01074,Central/Northeast,Angela Thompson
3070,Customer 3070,LOMO01075,Central/Northeast,Angela Thompson
3073,Customer 3073,LOMO01076,Central/Northeast,Angela Thompson
3076,Customer 3076,LOMO01077,Central/Northeast,Angela Thompson
3079,Customer 3079,LOMO01078,Central/Northeast,Angela Thompson
3082,Customer 3082,LOMO01079,Central/Northeast,Angela Thompson
3085,Customer 3085,LOMO01080,Central/Northeast,Angela Thompson
3088,Customer 3088,LOMO01081,Central/Northeast,Angela Thompson
3091,Customer 3091,LOMO01082,Central/Northeast,Angela Thompson
3094,Customer 3094,LOIL01084,South/Southeast,James Miller
3097,Customer 3097,LOCA01091,Central/Northeast,Angela Thompson
3100,Customer 3100,LOCA01094,Central/Northeast,Angela Thompson
3103,Customer 3103,LOCA01095,Central/Northeast,Angela Thompson
3106,Customer 3106,LOCA01096,Central/Northeast,Angela Thompson
3109,Customer 3109,LOTN01098,West,Robert Garcia
3112,Customer 3112,LOCA01103,Central/Northeast,Angela Thompson
3115,Customer 3115,LOCA01112,Central/Northeast,Angela Thompson
3118,Customer 3118,LOCA01113,Central/Northeast,Angela Thompson
3121,Customer 3121,LOCA01114,Central/Northeast,Angela Thompson
3124,Customer 3124,LOCA01115,Central/Northeast,Angela Thompson
3127,Customer 3127,LOCA01116,Central/Northeast,Angela Thompson
3130,Customer 3130,LOCA01117,Central/Northeast,Angela Thompson
3133,Customer 3133,LOCA01118,Central/Northeast,Angela Thompson
3136,Customer 3136,LOCA01121,Central/Northeast,Angela Thompson
3139,Customer 3139,LOCA01130,Central/Northeast,Angela Thompson
3142,Customer 3142,LONC01132,West,Robert Garcia
3145,Customer 3145,LONC01133,West,Robert Garcia
3148,Customer 3148,LONC01134,West,Robert Garcia
3151,Customer 3151,LOCA01151,Central/Northeast,Angela Thompson
3154,Customer 3154,LOCA01152,Central/Northeast,Angela Thompson
3157,Customer 3157,LOCA01153,Central/Northeast,Angela Thompson
3160,Customer 3160,LOCA01154,Central/Northeast,Angela Thompson
3163,Customer 3163,LOCA01155,Central/Northeast,Angela Thompson
3166,Customer 3166,LOCA01156,Central/Northeast,Angela Thompson
3169,Customer 3169,LOCA01157,Central/Northeast,Angela Thompson
3172,Customer 3172,LOCA01158,Central/Northeast,Angela Thompson
3175,Customer 3175,LOIL01166,Central/Northeast,Angela Thompson
3178,Customer 3178,LOIL01167,Central/Northeast,Angela Thompson
3181,Customer 3181,LONC01170,West,Robert Garcia
3184,Customer 3184,LONC01171,West,Robert Garcia
3187,Customer 3187,LOCA01173,Central/Northeast,Angela Thompson
3190,Customer 3190,LOCA01175,Central/Northeast,Angela Thompson
3193,Customer 3193,LOCA01176,Central/Northeast,Angela Thompson
3196,Customer 3196,LOCA01183,Central/Northeast,Angela Thompson
3199,Customer 3199,LOCA01184,Central/Northeast,Angela Thompson
3202,Customer 3202,LOCA01185,Central/Northeast,Angela Thompson
3205,Customer 3205,LOCA01186,Central/Northeast,Angela Thompson
3208,Customer 3208,LOCA01188,Central/Northeast,Angela Thompson
3211,Customer 3211,LONY01192,Central/Northeast,Angela Thompson
3214,Customer 3214,LONY01193,Central/Northeast,Angela Thompson
3217,Customer 3217,LONY01194,Central/Northeast,Angela Thompson
3220,Customer 3220,LONY01195,Central/Northeast,Angela Thompson
3223,Customer 3223,LOCA01196,Central/Northeast,Angela Thompson
3226,Customer 3226,LOCA01198,Central/Northeast,Angela Thompson
3229,Customer 3229,LOCA01199,Central/Northeast,Angela Thompson
3232,Customer 3232,LOCA01200,Central/Northeast,Angela Thompson
3235,Customer 3235,LOCA01201,Central/Northeast,Angela Thompson
3238,Customer 3238,LOIL01202,Central/Northeast,Angela Thompson
3241,Customer 3241,LOIL01203,Central/Northeast,Angela Thompson
3244,Customer 3244,LOIL01204,Central/Northeast,Angela Thompson
3247,Customer 3247,LOIL01205,Central/Northeast,Angela Thompson
3250,Customer 3250,LOCA01206,Central/Northeast,Angela Thompson
3253,Customer 3253,LOCA01207,Central/Northeast,Angela Thompson
3256,Customer 3256,LOCA01208,Central/Northeast,Angela Thompson
3259,Customer 3259,LOCA01209,Central/Northeast,Angela Thompson
3262,Customer 3262,LOCA01210,Central/Northeast,Angela Thompson
3265,Customer 3265,LOCA01211,Central/Northeast,Angela Thompson
3268,Customer 3268,LOCA01212,Central/Northeast,Angela Thompson
3271,Customer 3271,LOCA01213,Central/Northeast,Angela Thompson
3274,Customer 3274,LOCA01214,Central/Northeast,Angela Thompson
3277,Customer 3277,LOMO01215,Central/Northeast,Angela Thompson
3280,Customer 3280,LOCA01220,Central/Northeast,Angela Thompson
3283,Customer 3283,LOTN01221,West,Robert Garcia
3286,Customer 3286,LOTN01222,West,Robert Garcia
3289,Customer 3289,LOCA01226,Central/Northeast,Angela Thompson
3292,Customer 3292,LOCA01227,Central/Northeast,Angela Thompson
3295,Customer 3295,LOCA01228,Central/Northeast,Angela Thompson
3298,Customer 3298,LOCA01229,Central/Northeast,Angela Thompson
3301,Customer 3301,LOCA01230,Central/Northeast,Angela Thompson
3304,Customer 3304,LOTX01233,South/Southeast,James Miller
3307,Customer 3307,LOCA01234,Central/Northeast,Angela Thompson
3310,Customer 3310,LOCA01235,Central/Northeast,Angela Thompson
3313,Customer 3313,LOCA01236,Central/Northeast,Angela Thompson
3316,Customer 3316,LOCA01237,Central/Northeast,Angela Thompson
3319,Customer 3319,LOMO01241,Central/Northeast,Angela Thompson
3322,Customer 3322,LOIL01245,Central/Northeast,Angela Thompson
3325,Customer 3325,LONC01247,West,Robert Garcia
3328,Customer 3328,LONC01248,West,Robert Garcia
3331,Customer 3331,LONC01249,West,Robert Garcia
3334,Customer 3334,LONC01250,West,Robert Garcia
3337,Customer 3337,LONC01251,West,Robert Garcia
3340,Customer 3340,LONC01252,West,Robert Garcia
3343,Customer 3343,LONC01253,West,Robert Garcia
3346,Customer 3346,LONC01254,West,Robert Garcia
3349,Customer 3349,LONC01255,West,Robert Garcia
3352,Customer 3352,LONC01256,West,Robert Garcia
3355,Customer 3355,LONC01257,West,Robert Garcia
3358,Customer 3358,LONC01258,West,Robert Garcia
3361,Customer 3361,LONC01259,West,Robert Garcia
3364,Customer 3364,LONC01260,West,Robert Garcia
3367,Customer 3367,LONC01261,West,Robert Garcia
3370,Customer 3370,LONC01262,West,Robert Garcia
3373,Customer 3373,LONC01263,West,Robert Garcia
3376,Customer 3376,LONC01264,West,Robert Garcia
3379,Customer 3379,LONC01265,West,Robert Garcia
3382,Customer 3382,LONC01266,West,Robert Garcia
3385,Customer 3385,LONC01267,West,Robert Garcia
3388,Customer 3388,LONC01268,West,Robert Garcia
3391,Customer 3391,LONC01269,West,Robert Garcia
3394,Customer 3394,LONC01270,West,Robert Garcia
3397,Customer 3397,LONC01272,West,Robert Garcia
3400,Customer 3400,LONC01273,West,Robert Garcia
3403,Customer 3403,LOIL01274,Central/Northeast,Angela Thompson
3406,Customer 3406,LOCA01284,Central/Northeast,Angela Thompson
3409,Customer 3409,LOTX01307,South/Southeast,James Miller
3412,Customer 3412,LOTX01308,South/Southeast,James Miller
3415,Customer 3415,LOTX01309,South/Southeast,James Miller
3418,Customer 3418,LONC01310,West,Robert Garcia
3421,Customer 3421,LOCA01314,Central/Northeast,Angela Thompson
3424,Customer 3424,LOCA01315,Central/Northeast,Angela Thompson
3427,Customer 3427,LOCA01316,Central/Northeast,Angela Thompson
3430,Customer 3430,LOCA01317,Central/Northeast,Angela Thompson
3433,Customer 3433,LOCA01318,Central/Northeast,Angela Thompson
3436,Customer 3436,LOCA01319,Central/Northeast,Angela Thompson
3439,Customer 3439,LOCA01320,Central/Northeast,Angela Thompson
3442,Customer 3442,LOCA01322,Central/Northeast,Angela Thompson
3445,Customer 3445,LOCA01323,Central/Northeast,Angela Thompson
3448,Customer 3448,LOCA01324,Central/Northeast,Angela Thompson
3451,Customer 3451,LOCA01325,Central/Northeast,Angela Thompson
3454,Customer 3454,LOCA01326,Central/Northeast,Angela Thompson
3457,Customer 3457,LOCA01327,Central/Northeast,Angela Thompson
3460,Customer 3460,LOCA01328,Central/Northeast,Angela Thompson
3463,Customer 3463,LOCA01329,Central/Northeast,Angela Thompson
3466,Customer 3466,LOCA01330,Central/Northeast,Angela Thompson
3469,Customer 3469,LOCA01331,Central/Northeast,Angela Thompson
3472,Customer 3472,LOCA01332,Central/Northeast,Angela Thompson
3475,Customer 3475,LOCA01333,Central/Northeast,Angela Thompson
3478,Customer 3478,LOCA01335,Central/Northeast,Angela Thompson
3481,Customer 3481,LOCA01336,Central/Northeast,Angela Thompson
3484,Customer 3484,LOCA01337,Central/Northeast,Angela Thompson
3487,Customer 3487,LOCA01338,Central/Northeast,Angela Thompson
3490,Customer 3490,LOCA01339,Central/Northeast,Angela Thompson
3493,Customer 3493,LOCA01340,Central/Northeast,Angela Thompson
3496,Customer 3496,LOCA01341,Central/Northeast,Angela Thompson
3499,Customer 3499,LOVA01342,South/Southeast,James Miller
3502,Customer 3502,LOVA01343,South/Southeast,James Miller
3505,Customer 3505,LOTN01346,West,Robert Garcia
3508,Customer 3508,LOTN01347,West,Robert Garcia
3511,Customer 3511,LOTN01348,West,Robert Garcia
3514,Customer 3514,LOTN01349,West,Robert Garcia
3517,Customer 3517,LOTN01350,West,Robert Garcia
3520,Customer 3520,LOTN01351,West,Robert Garcia
3523,Customer 3523,LOTN01352,West,Robert Garcia
3526,Customer 3526,LOTN01353,West,Robert Garcia
3529,Customer 3529,LOTN01354,West,Robert Garcia
3532,Customer 3532,LOMO01361,Central/Northeast,Angela Thompson
3535,Customer 3535,LOMO01362,Central/Northeast,Angela Thompson
3538,Customer 3538,LONY01368,Central/Northeast,Angela Thompson
3541,Customer 3541,LOIL01370,Central/Northeast,Angela Thompson
3544,Customer 3544,LOCA01372,Central/Northeast,Angela Thompson
3547,Customer 3547,LOTN01383,West,Robert Garcia
3550,Customer 3550,LOTN01384,West,Robert Garcia
3553,Customer 3553,LOIL01385,Central/Northeast,Angela Thompson
3556,Customer 3556,LOTN01392,West,Robert Garcia
3559,Customer 3559,LOTN01396,West,Robert Garcia
3562,Customer 3562,LOTN01397,West,Robert Garcia
3565,Customer 3565,LOTN01398,West,Robert Garcia
3568,Customer 3568,LOTN01399,West,Robert Garcia
3571,Customer 3571,LOTN01400,West,Robert Garcia
3574,Customer 3574,LOTN01401,West,Robert Garcia
3577,Customer 3577,LOTN01402,West,Robert Garcia
3580,Customer 3580,LOTN01403,West,Robert Garcia
3583,Customer 3583,LOTN01404,West,Robert Garcia
3586,Customer 3586,LOTN01405,West,Robert Garcia
3589,Customer 3589,LOTN01406,West,Robert Garcia
3592,Customer 3592,LOTN01407,West,Robert Garcia
3595,Customer 3595,LOTN01408,West,Robert Garcia
3598,Customer 3598,LOTN01409,West,Robert Garcia
3601,Customer 3601,LOTX01411,South/Southeast,James Miller
3604,Customer 3604,LOCA01412,Central/Northeast,Angela Thompson
3607,Customer 3607,LOCA01415,Central/Northeast,Angela Thompson
3610,Customer 3610,LONY01417,Central/Northeast,Angela Thompson
3613,Customer 3613,LONY01418,Central/Northeast,Angela Thompson
3616,Customer 3616,LOCA01435,Central/Northeast,Angela Thompson
3619,Customer 3619,LOCA01436,Central/Northeast,Angela Thompson
3622,Customer 3622,LOCA01437,Central/Northeast,Angela Thompson
3625,Customer 3625,LOCA01438,Central/Northeast,Angela Thompson
3628,Customer 3628,LOWA01439,West,Robert Garcia
3631,Customer 3631,LOIL01440,South/Southeast,James Miller
3634,Customer 3634,LONC01458,West,Robert Garcia
3637,Customer 3637,LONY01477,Central/Northeast,Angela Thompson
3640,Customer 3640,LONY01478,Central/Northeast,Angela Thompson
3643,Customer 3643,LONY01479,Central/Northeast,Angela Thompson
3646,Customer 3646,LONY01480,Central/Northeast,Angela Thompson
3649,Customer 3649,LONY01481,Central/Northeast,Angela Thompson
3652,Customer 3652,LOIL01487,Central/Northeast,Angela Thompson
3655,Customer 3655,LOIL01488,Central/Northeast,Angela Thompson
3658,Customer 3658,LOIL01489,Central/Northeast,Angela Thompson
3661,Customer 3661,LOIL01490,Central/Northeast,Angela Thompson
3664,Customer 3664,LOIL01491,Central/Northeast,Angela Thompson
3667,Customer 3667,LOIL01492,Central/Northeast,Angela Thompson
3670,Customer 3670,LOCA01493,Central/Northeast,Angela Thompson
3673,Customer 3673,LOCA01494,Central/Northeast,Angela Thompson
3676,Customer 3676,LOIL01498,Central/Northeast,Angela Thompson
3679,Customer 3679,LONC01499,West,Robert Garcia
3682,Customer 3682,LONC01500,West,Robert Garcia
3685,Customer 3685,LOWA01501,West,Robert Garcia
3688,Customer 3688,LOWA01503,West,Robert Garcia
3691,Customer 3691,LOWA01504,West,Robert Garcia
3694,Customer 3694,LOWA01505,West,Robert Garcia
3697,Customer 3697,LOWA01506,West,Robert Garcia
3700,Customer 3700,LOWA01507,West,Robert Garcia
3703,Customer 3703,LOWA01508,West,Robert Garcia
3706,Customer 3706,LOWA01509,West,Robert Garcia
3709,Customer 3709,LOWA01510,West,Robert Garcia
3712,Customer 3712,LOWA01511,West,Robert Garcia
3715,Customer 3715,LOWA01512,West,Robert Garcia
3718,Customer 3718,LOCA01518,Central/Northeast,Angela Thompson
3721,Customer 3721,LOCA01519,Central/Northeast,Angela Thompson
3724,Customer 3724,LOCA01522,Central/Northeast,Angela Thompson
3727,Customer 3727,LOTN01526,West,Robert Garcia
3730,Customer 3730,LOTN01527,West,Robert Garcia
3733,Customer 3733,LOCA01528,Central/Northeast,Angela Thompson
3736,Customer 3736,LOCA01530,Central/Northeast,Angela Thompson
3739,Customer 3739,LOWA01531,West,Robert Garcia
3742,Customer 3742,LOIL01536,Central/Northeast,Angela Thompson
3745,Customer 3745,LOIL01537,Central/Northeast,Angela Thompson
3748,Customer 3748,LOIL01538,Central/Northeast,Angela Thompson
3751,Customer 3751,LOIL01539,Central/Northeast,Angela Thompson
3754,Customer 3754,LOIL01540,Central/Northeast,Angela Thompson
3757,Customer 3757,LOIL01552,Central/Northeast,Angela Thompson
3760,Customer 3760,LONY01553,Central/Northeast,Angela Thompson
3763,Customer 3763,LONY01556,Central/Northeast,Angela Thompson
3766,Customer 3766,LOTN01558,West,Robert Garcia
3769,Customer 3769,LOTN01559,West,Robert Garcia
3772,Customer 3772,LOTN01560,West,Robert Garcia
3775,Customer 3775,LOIL01583,Central/Northeast,Angela Thompson
3778,Customer 3778,LOIL01584,Central/Northeast,Angela Thompson
3781,Customer 3781,LOIL01587,Central/Northeast,Angela Thompson
3784,Customer 3784,LOCA01588,Central/Northeast,Angela Thompson
3787,Customer 3787,LOCA01589,Central/Northeast,Angela Thompson
3790,Customer 3790,LOCA01590,Central/Northeast,Angela Thompson
3793,Customer 3793,LOCA01591,Central/Northeast,Angela Thompson
3796,Customer 3796,LOCA01592,Central/Northeast,Angela Thompson
3799,Customer 3799,LOCA01593,Central/Northeast,Angela Thompson
3802,Customer 3802,LOCA01594,Central/Northeast,Angela Thompson
3805,Customer 3805,LOCA01595,Central/Northeast,Angela Thompson
3808,Customer 3808,LOCA01596,Central/Northeast,Angela Thompson
3811,Customer 3811,LOCA01597,Central/Northeast,Angela Thompson
3814,Customer 3814,LOCA01598,Central/Northeast,Angela Thompson
3817,Customer 3817,LOCA01599,Central/Northeast,Angela Thompson
3820,Customer 3820,LOCA01600,Central/Northeast,Angela Thompson
3823,Customer 3823,LOCA01601,Central/Northeast,Angela Thompson
3826,Customer 3826,LOCA01603,Central/Northeast,Angela Thompson
3829,Customer 3829,LOCA01604,Central/Northeast,Angela Thompson
3832,Customer 3832,LOIL01610,Central/Northeast,Angela Thompson
3835,Customer 3835,LOWA01618,West,Robert Garcia
3838,Customer 3838,LOWA01619,West,Robert Garcia
3841,Customer 3841,LONY01620,Central/Northeast,Angela Thompson
3844,Customer 3844,LONY01621,Central/Northeast,Angela Thompson
3847,Customer 3847,LONY01622,Central/Northeast,Angela Thompson
3850,Customer 3850,LOCA01629,Central/Northeast,Angela Thompson
3853,Customer 3853,LOCA01630,Central/Northeast,Angela Thompson
3856,Customer 3856,LOCA01631,Central/Northeast,Angela Thompson
3859,Customer 3859,LOCA01632,Central/Northeast,Angela Thompson
3862,Customer 3862,LOCA01633,Central/Northeast,Angela Thompson
3865,Customer 3865,LOCA01634,Central/Northeast,Angela Thompson
3868,Customer 3868,LOCA01635,Central/Northeast,Angela Thompson
3871,Customer 3871,LOCA01636,Central/Northeast,Angela Thompson
3874,Customer 3874,LOCA01637,Central/Northeast,Angela Thompson
3877,Customer 3877,LOCA01638,Central/Northeast,Angela Thompson
3880,Customer 3880,LOCA01639,Central/Northeast,Angela Thompson
3883,Customer 3883,LOCA01640,Central/Northeast,Angela Thompson
3886,Customer 3886,LOCA01641,Central/Northeast,Angela Thompson
3889,Customer 3889,LOCA01642,Central/Northeast,Angela Thompson
3892,Customer 3892,LOCA01643,Central/Northeast,Angela Thompson
3895,Customer 3895,LOCA01644,Central/Northeast,Angela Thompson
3898,Customer 3898,LOCA01645,Central/Northeast,Angela Thompson
3901,Customer 3901,LOCA01646,Central/Northeast,Angela Thompson
3904,Customer 3904,LOCA01647,Central/Northeast,Angela Thompson
3907,Customer 3907,LOCA01648,Central/Northeast,Angela Thompson
3910,Customer 3910,LOCA01649,Central/Northeast,Angela Thompson
3913,Customer 3913,LOCA01650,Central/Northeast,Angela Thompson
3916,Customer 3916,LOCA01651,Central/Northeast,Angela Thompson
3919,Customer 3919,LOCA01652,Central/Northeast,Angela Thompson
3922,Customer 3922,LOCA01653,Central/Northeast,Angela Thompson
3925,Customer 3925,LOCA01654,Central/Northeast,Angela Thompson
3928,Customer 3928,LOIL01658,Central/Northeast,Angela Thompson
3931,Customer 3931,LONC01670,West,Robert Garcia
3934,Customer 3934,LOTN01674,West,Robert Garcia
3937,Customer 3937,LOTN01676,West,Robert Garcia
3940,Customer 3940,LOTN01677,West,Robert Garcia
3943,Customer 3943,LOTN01678,West,Robert Garcia
3946,Customer 3946,LOTN01683,West,Robert Garcia
3949,Customer 3949,LOWA01684,West,Robert Garcia
3952,Customer 3952,LOWA01685,West,Robert Garcia
3955,Customer 3955,LOWA01686,West,Robert Garcia
3958,Customer 3958,LOWA01687,West,Robert Garcia
3961,Customer 3961,LOWA01689,West,Robert Garcia
3964,Customer 3964,LOWA01690,West,Robert Garcia
3967,Customer 3967,LOWA01691,West,Robert Garcia
3970,Customer 3970,LOWA01692,West,Robert Garcia
3973,Customer 3973,LOWA01693,West,Robert Garcia
3976,Customer 3976,LOWA01694,West,Robert Garcia
3979,Customer 3979,LOWA01695,West,Robert Garcia
3982,Customer 3982,LOWA01696,West,Robert Garcia
3985,Customer 3985,LONC01697,West,Robert Garcia
3988,Customer 3988,LOCA01699,Central/Northeast,Angela Thompson
3991,Customer 3991,LOIL01703,Central/Northeast,Angela Thompson
3994,Customer 3994,LOIL01704,Central/Northeast,Angela Thompson
3997,Customer 3997,LOIL01705,Central/Northeast,Angela Thompson
4000,Customer 4000,LOIL01706,Central/Northeast,Angela Thompson
4003,Customer 4003,LOIL01707,Central/Northeast,Angela Thompson
4006,Customer 4006,LOIL01708,Central/Northeast,Angela Thompson
4009,Customer 4009,LOTN01709,West,Robert Garcia
4012,Customer 4012,LONC01718,West,Robert Garcia
4015,Customer 4015,LONY01727,Central/Northeast,Angela Thompson
4018,Customer 4018,LOCA01730,Central/Northeast,Angela Thompson
4021,Customer 4021,LOCA01731,Central/Northeast,Angela Thompson
4024,Customer 4024,LOCA01733,Central/Northeast,Angela Thompson
4027,Customer 4027,LOCA01734,Central/Northeast,Angela Thompson
4030,Customer 4030,LOCA01735,Central/Northeast,Angela Thompson
4033,Customer 4033,LOCA01736,Central/Northeast,Angela Thompson
4036,Customer 4036,LOCA01737,Central/Northeast,Angela Thompson
4039,Customer 4039,LOCA01738,Central/Northeast,Angela Thompson
4042,Customer 4042,LOCA01739,Central/Northeast,Angela Thompson
4045,Customer 4045,LOCA01740,Central/Northeast,Angela Thompson
4048,Customer 4048,LOCA01741,Central/Northeast,Angela Thompson
4051,Customer 4051,LOCA01742,Central/Northeast,Angela Thompson
4054,Customer 4054,LOCA01743,Central/Northeast,Angela Thompson
4057,Customer 4057,LOCA01744,Central/Northeast,Angela Thompson
4060,Customer 4060,LOCA01745,Central/Northeast,Angela Thompson
4063,Customer 4063,LOCA01746,Central/Northeast,Angela Thompson
4066,Customer 4066,LOCA01747,Central/Northeast,Angela Thompson
4069,Customer 4069,LOCA01748,Central/Northeast,Angela Thompson
4072,Customer 4072,LOCA01749,Central/Northeast,Angela Thompson
4075,Customer 4075,LOCA01750,Central/Northeast,Angela Thompson
4078,Customer 4078,LOCA01751,Central/Northeast,Angela Thompson
4081,Customer 4081,LOCA01752,Central/Northeast,Angela Thompson
4084,Customer 4084,LOCA01757,Central/Northeast,Angela Thompson
4087,Customer 4087,LOCA01758,Central/Northeast,Angela Thompson
4090,Customer 4090,LOCA01759,Central/Northeast,Angela Thompson
4093,Customer 4093,LOCA01760,Central/Northeast,Angela Thompson
4096,Customer 4096,LOCA01765,Central/Northeast,Angela Thompson
4099,Customer 4099,LOCA01766,Central/Northeast,Angela Thompson
4102,Customer 4102,LOCA01767,Central/Northeast,Angela Thompson
4105,Customer 4105,LOCA01768,Central/Northeast,Angela Thompson
4108,Customer 4108,LOCA01769,Central/Northeast,Angela Thompson
4111,Customer 4111,LOCA01770,Central/Northeast,Angela Thompson
4114,Customer 4114,LOCA01771,Central/Northeast,Angela Thompson
4117,Customer 4117,LOCA01772,Central/Northeast,Angela Thompson
4120,Customer 4120,LOCA01773,Central/Northeast,Angela Thompson
4123,Customer 4123,LOCA01774,Central/Northeast,Angela Thompson
4126,Customer 4126,LOCA01775,Central/Northeast,Angela Thompson
4129,Customer 4129,LONY01784,Central/Northeast,Angela Thompson
4132,Customer 4132,LONY01785,Central/Northeast,Angela Thompson
4135,Customer 4135,LONY01786,Central/Northeast,Angela Thompson
4138,Customer 4138,LONY01787,Central/Northeast,Angela Thompson
4141,Customer 4141,LONY01788,Central/Northeast,Angela Thompson
4144,Customer 4144,LONY01789,Central/Northeast,Angela Thompson
4147,Customer 4147,LONY01790,Central/Northeast,Angela Thompson
4150,Customer 4150,LONY01791,Central/Northeast,Angela Thompson
4153,Customer 4153,LONY01792,Central/Northeast,Angela Thompson
4156,Customer 4156,LONY01793,Central/Northeast,Angela Thompson
4159,Customer 4159,LONY01794,Central/Northeast,Angela Thompson
4162,Customer 4162,LONY01795,Central/Northeast,Angela Thompson
4165,Customer 4165,LONY01796,Central/Northeast,Angela Thompson
4168,Customer 4168,LONY01797,Central/Northeast,Angela Thompson
4171,Customer 4171,LONY01798,Central/Northeast,Angela Thompson
4174,Customer 4174,LONY01799,Central/Northeast,Angela Thompson
4177,Customer 4177,LONY01800,Central/Northeast,Angela Thompson
4180,Customer 4180,LONY01801,Central/Northeast,Angela Thompson
4183,Customer 4183,LONY01802,Central/Northeast,Angela Thompson
4186,Customer 4186,LONY01803,Central/Northeast,Angela Thompson
4189,Customer 4189,LONY01804,Central/Northeast,Angela Thompson
4192,Customer 4192,LONY01805,Central/Northeast,Angela Thompson
4195,Customer 4195,LONY01807,Central/Northeast,Angela Thompson
4198,Customer 4198,LONY01808,Central/Northeast,Angela Thompson
4201,Customer 4201,LONY01809,Central/Northeast,Angela Thompson
4204,Customer 4204,LONY01810,Central/Northeast,Angela Thompson
4207,Customer 4207,LONY01811,Central/Northeast,Angela Thompson
4210,Customer 4210,LONY01812,Central/Northeast,Angela Thompson
4213,Customer 4213,LONY01814,Central/Northeast,Angela Thompson
4216,Customer 4216,LONY01815,Central/Northeast,Angela Thompson
4219,Customer 4219,LONY01816,Central/Northeast,Angela Thompson
4222,Customer 4222,LONY01817,Central/Northeast,Angela Thompson
4225,Customer 4225,LONY01818,Central/Northeast,Angela Thompson
4228,Customer 4228,LONY01819,Central/Northeast,Angela Thompson
4231,Customer 4231,LONY01820,Central/Northeast,Angela Thompson
4234,Customer 4234,LONY01821,Central/Northeast,Angela Thompson
4237,Customer 4237,LONY01822,Central/Northeast,Angela Thompson
4240,Customer 4240,LONY01823,Central/Northeast,Angela Thompson
4243,Customer 4243,LONY01824,Central/Northeast,Angela Thompson
4246,Customer 4246,LONY01825,Central/Northeast,Angela Thompson
4249,Customer 4249,LONY01826,Central/Northeast,Angela Thompson
4252,Customer 4252,LONY01827,Central/Northeast,Angela Thompson
4255,Customer 4255,LONY01828,Central/Northeast,Angela Thompson
4258,Customer 4258,LONY01829,Central/Northeast,Angela Thompson
4261,Customer 4261,LONY01830,Central/Northeast,Angela Thompson
4264,Customer 4264,LONY01831,Central/Northeast,Angela Thompson
4267,Customer 4267,LONY01832,Central/Northeast,Angela Thompson
4270,Customer 4270,LONY01833,Central/Northeast,Angela Thompson
4273,Customer 4273,LONY01834,Central/Northeast,Angela Thompson
4276,Customer 4276,LONY01835,Central/Northeast,Angela Thompson
4279,Customer 4279,LONY01836,Central/Northeast,Angela Thompson
4282,Customer 4282,LONY01837,Central/Northeast,Angela Thompson
4285,Customer 4285,LONY01838,Central/Northeast,Angela Thompson
4288,Customer 4288,LONY01839,Central/Northeast,Angela Thompson
4291,Customer 4291,LONY01841,Central/Northeast,Angela Thompson
4294,Customer 4294,LONY01842,Central/Northeast,Angela Thompson
4297,Customer 4297,LONY01843,Central/Northeast,Angela Thompson
4300,Customer 4300,LONY01844,Central/Northeast,Angela Thompson
4303,Customer 4303,LONY01845,Central/Northeast,Angela Thompson
4306,Customer 4306,LONY01846,Central/Northeast,Angela Thompson
4309,Customer 4309,LONY01847,Central/Northeast,Angela Thompson
4312,Customer 4312,LONY01848,Central/Northeast,Angela Thompson
4315,Customer 4315,LONY01849,Central/Northeast,Angela Thompson
4318,Customer 4318,LONY01850,Central/Northeast,Angela Thompson
4321,Customer 4321,LONY01852,Central/Northeast,Angela Thompson
4324,Customer 4324,LONY01853,Central/Northeast,Angela Thompson
4327,Customer 4327,LONY01854,Central/Northeast,Angela Thompson
4330,Customer 4330,LONY01855,Central/Northeast,Angela Thompson
4333,Customer 4333,LONC01856,West,Robert Garcia
4336,Customer 4336,LONC01857,West,Robert Garcia
4339,Customer 4339,LONC01858,West,Robert Garcia
4342,Customer 4342,LOWA01859,West,Robert Garcia
4345,Customer 4345,LOWA01860,West,Robert Garcia
4348,Customer 4348,LOWA01861,West,Robert Garcia
4351,Customer 4351,LOIL01862,Central/Northeast,Angela Thompson
4354,Customer 4354,LOMO01863,Central/Northeast,Angela Thompson
4357,Customer 4357,LOMO01864,Central/Northeast,Angela Thompson
4360,Customer 4360,LOMO01865,Central/Northeast,Angela Thompson
4363,Customer 4363,LOMO01866,Central/Northeast,Angela Thompson
4366,Customer 4366,LOWA01868,West,Robert Garcia
4369,Customer 4369,LOCA01870,Central/Northeast,Angela Thompson
4372,Customer 4372,LOCA01871,Central/Northeast,Angela Thompson
4375,Customer 4375,LOTX01872,South/Southeast,James Miller
4378,Customer 4378,LOTX01874,South/Southeast,James Miller
4381,Customer 4381,LOTX01875,South/Southeast,James Miller
4384,Customer 4384,LOTX01876,South/Southeast,James Miller
4387,Customer 4387,LOTX01877,South/Southeast,James Miller
4390,Customer 4390,LOTX01878,South/Southeast,James Miller
4393,Customer 4393,LOTX01879,South/Southeast,James Miller
4396,Customer 4396,LOTX01880,South/Southeast,James Miller
4399,Customer 4399,LOTX01881,South/Southeast,James Miller
4402,Customer 4402,LOTX01882,South/Southeast,James Miller
4405,Customer 4405,LOTX01883,South/Southeast,James Miller
4408,Customer 4408,LOTX01884,South/Southeast,James Miller
4411,Customer 4411,LOIL01885,Central/Northeast,Angela Thompson
4414,Customer 4414,LOWA01896,West,Robert Garcia
4417,Customer 4417,LOWA01897,West,Robert Garcia
4420,Customer 4420,LOMO01900,Central/Northeast,Angela Thompson
4423,Customer 4423,LOIL01902,Central/Northeast,Angela Thompson
4426,Customer 4426,LOIL01903,Central/Northeast,Angela Thompson
4429,Customer 4429,LOIL01904,Central/Northeast,Angela Thompson
4432,Customer 4432,LOIL01905,Central/Northeast,Angela Thompson
4435,Customer 4435,LOIL01906,Central/Northeast,Angela Thompson
4438,Customer 4438,LOIL01907,Central/Northeast,Angela Thompson
4441,Customer 4441,LOWA01912,West,Robert Garcia
4444,Customer 4444,LOWA01913,West,Robert Garcia
4447,Customer 4447,LOWA01914,West,Robert Garcia
4450,Customer 4450,LOWA01915,West,Robert Garcia
4453,Customer 4453,LOWA01916,West,Robert Garcia
4456,Customer 4456,LOWA01917,West,Robert Garcia
4459,Customer 4459,LOWA01918,West,Robert Garcia
4462,Customer 4462,LOWA01919,West,Robert Garcia
4465,Customer 4465,LOWA01920,West,Robert Garcia
4468,Customer 4468,LOWA01921,West,Robert Garcia
4471,Customer 4471,LOIL01923,Central/Northeast,Angela Thompson
4474,Customer 4474,LOIL01924,Central/Northeast,Angela Thompson
4477,Customer 4477,LOIL01925,Central/Northeast,Angela Thompson
4480,Customer 4480,LOWA01937,West,Robert Garcia
4483,Customer 4483,LOCA01938,Central/Northeast,Angela Thompson
4486,Customer 4486,LOCA01939,Central/Northeast,Angela Thompson
4489,Customer 4489,LOCA01940,Central/Northeast,Angela Thompson
4492,Customer 4492,LOCA01941,Central/Northeast,Angela Thompson
4495,Customer 4495,LOCA01942,Central/Northeast,Angela Thompson
4498,Customer 4498,LOCA01944,Central/Northeast,Angela Thompson
4501,Customer 4501,LOCA01945,Central/Northeast,Angela Thompson
4504,Customer 4504,LOCA01946,Central/Northeast,Angela Thompson
4507,Customer 4507,LOCA01947,Central/Northeast,Angela Thompson
4510,Customer 4510,LOCA01948,Central/Northeast,Angela Thompson
4513,Customer 4513,LOCA01949,Central/Northeast,Angela Thompson
4516,Customer 4516,LOCA01950,Central/Northeast,Angela Thompson
4519,Customer 4519,LOCA01951,Central/Northeast,Angela Thompson
4522,Customer 4522,LOCA01952,Central/Northeast,Angela Thompson
4525,Customer 4525,LOCA01953,Central/Northeast,Angela Thompson
4528,Customer 4528,LOCA01954,Central/Northeast,Angela Thompson
4531,Customer 4531,LOCA01955,Central/Northeast,Angela Thompson
4534,Customer 4534,LOWA01958,West,Robert Garcia
4537,Customer 4537,LOTN01960,West,Robert Garcia
4540,Customer 4540,LOIL01970,Central/Northeast,Angela Thompson
4543,Customer 4543,LONC01972,West,Robert Garcia
4546,Customer 4546,LOCA01974,Central/Northeast,Angela Thompson
4549,Customer 4549,LOCA01978,Central/Northeast,Angela Thompson
4552,Customer 4552,LOCA01979,Central/Northeast,Angela Thompson
4555,Customer 4555,LOCA01980,Central/Northeast,Angela Thompson
4558,Customer 4558,LOCA01981,Central/Northeast,Angela Thompson
4561,Customer 4561,LOCA01982,Central/Northeast,Angela Thompson
4564,Customer 4564,LOCA01983,Central/Northeast,Angela Thompson
4567,Customer 4567,LOCA01984,Central/Northeast,Angela Thompson
4570,Customer 4570,LOCA01985,Central/Northeast,Angela Thompson
4573,Customer 4573,LOCA01986,Central/Northeast,Angela Thompson
4576,Customer 4576,LOCA01987,Central/Northeast,Angela Thompson
4579,Customer 4579,LOCA01988,Central/Northeast,Angela Thompson
4582,Customer 4582,LOCA01989,Central/Northeast,Angela Thompson
4585,Customer 4585,LOCA01990,Central/Northeast,Angela Thompson
4588,Customer 4588,LOCA01992,Central/Northeast,Angela Thompson
4591,Customer 4591,LOCA01993,Central/Northeast,Angela Thompson
4594,Customer 4594,LOCA01994,Central/Northeast,Angela Thompson
4597,Customer 4597,LOCA01995,Central/Northeast,Angela Thompson
4600,Customer 4600,LOCA01996,Central/Northeast,Angela Thompson
4603,Customer 4603,LOCA01997,Central/Northeast,Angela Thompson
4606,Customer 4606,LOCA01998,Central/Northeast,Angela Thompson
4609,Customer 4609,LOCA01999,Central/Northeast,Angela Thompson
4612,Customer 4612,LOCA02000,Central/Northeast,Angela Thompson
4615,Customer 4615,LOCA02001,Central/Northeast,Angela Thompson
4618,Customer 4618,LOCA02002,Central/Northeast,Angela Thompson
4621,Customer 4621,LOCA02003,Central/Northeast,Angela Thompson
4624,Customer 4624,LOCA02006,Central/Northeast,Angela Thompson
4627,Customer 4627,LOCA02007,Central/Northeast,Angela Thompson
4630,Customer 4630,LOCA02008,Central/Northeast,Angela Thompson
4633,Customer 4633,LOCA02009,Central/Northeast,Angela Thompson
4636,Customer 4636,LOCA02010,Central/Northeast,Angela Thompson
4639,Customer 4639,LOCA02011,Central/Northeast,Angela Thompson
4642,Customer 4642,LOCA02012,Central/Northeast,Angela Thompson
4645,Customer 4645,LOTX02014,South/Southeast,James Miller
4648,Customer 4648,LOWA02015,West,Robert Garcia
4651,Customer 4651,LOIL02026,Central/Northeast,Angela Thompson
4654,Customer 4654,LOIL02027,Central/Northeast,Angela Thompson
4657,Customer 4657,LOIL02028,Central/Northeast,Angela Thompson
4660,Customer 4660,LOIL02029,Central/Northeast,Angela Thompson
4663,Customer 4663,LOIL02030,Central/Northeast,Angela Thompson
4666,Customer 4666,LOWA02031,West,Robert Garcia
4669,Customer 4669,LONY02032,Central/Northeast,Angela Thompson
4672,Customer 4672,LOCA02034,Central/Northeast,Angela Thompson
4675,Customer 4675,LOCA02035,Central/Northeast,Angela Thompson
4678,Customer 4678,LOCA02036,Central/Northeast,Angela Thompson
4681,Customer 4681,LOIL02037,Central/Northeast,Angela Thompson
4684,Customer 4684,LOIL02040,Central/Northeast,Angela Thompson
4687,Customer 4687,LOIL02041,Central/Northeast,Angela Thompson
4690,Customer 4690,LOIL02042,Central/Northeast,Angela Thompson
4693,Customer 4693,LOIL02043,Central/Northeast,Angela Thompson
4696,Customer 4696,LOIL02044,Central/Northeast,Angela Thompson
4699,Customer 4699,LONC02047,West,Robert Garcia
4702,Customer 4702,LONC02048,West,Robert Garcia
4705,Customer 4705,LONC02049,West,Robert Garcia
4708,Customer 4708,LONC02050,West,Robert Garcia
4711,Customer 4711,LONC02051,West,Robert Garcia
4714,Customer 4714,LONC02052,West,Robert Garcia
4717,Customer 4717,LONC02053,West,Robert Garcia
4720,Customer 4720,LOWA02055,West,Robert Garcia
4723,Customer 4723,LOTN02076,West,Robert Garcia
4726,Customer 4726,LOTN02077,West,Robert Garcia
4729,Customer 4729,LOTN02080,West,Robert Garcia
4732,Customer 4732,LOTN02081,West,Robert Garcia
4735,Customer 4735,LOTN02083,West,Robert Garcia
4738,Customer 4738,LOWA02084,West,Robert Garcia
4741,Customer 4741,LOWA02085,West,Robert Garcia
4744,Customer 4744,LOWA02086,West,Robert Garcia
4747,Customer 4747,LOWA02087,West,Robert Garcia
4750,Customer 4750,LOWA02088,West,Robert Garcia
4753,Customer 4753,LOWA02089,West,Robert Garcia
4756,Customer 4756,LOCA02106,Central/Northeast,Angela Thompson
4759,Customer 4759,LOCA02108,Central/Northeast,Angela Thompson
4762,Customer 4762,LOCA02109,Central/Northeast,Angela Thompson
4765,Customer 4765,LOCA02110,Central/Northeast,Angela Thompson
4768,Customer 4768,LOCA02111,Central/Northeast,Angela Thompson
4771,Customer 4771,LOCA02112,Central/Northeast,Angela Thompson
4774,Customer 4774,LOCA02113,Central/Northeast,Angela Thompson
4777,Customer 4777,LOCA02114,Central/Northeast,Angela Thompson
4780,Customer 4780,LOCA02115,Central/Northeast,Angela Thompson
4783,Customer 4783,LOCA02116,Central/Northeast,Angela Thompson
4786,Customer 4786,LOCA02117,Central/Northeast,Angela Thompson
4789,Customer 4789,LOCA02118,Central/Northeast,Angela Thompson
4792,Customer 4792,LOCA02119,Central/Northeast,Angela Thompson
4795,Customer 4795,LOCA02120,Central/Northeast,Angela Thompson
4798,Customer 4798,LOCA02121,Central/Northeast,Angela Thompson
4801,Customer 4801,LOCA02122,Central/Northeast,Angela Thompson
4804,Customer 4804,LOCA02123,Central/Northeast,Angela Thompson
4807,Customer 4807,LOCA02124,Central/Northeast,Angela Thompson
4810,Customer 4810,LOCA02125,Central/Northeast,Angela Thompson
4813,Customer 4813,LOCA02126,Central/Northeast,Angela Thompson
4816,Customer 4816,LOCA02127,Central/Northeast,Angela Thompson
4819,Customer 4819,LOCA02128,Central/Northeast,Angela Thompson
4822,Customer 4822,LOCA02129,Central/Northeast,Angela Thompson
4825,Customer 4825,LOCA02130,Central/Northeast,Angela Thompson
4828,Customer 4828,LOCA02131,Central/Northeast,Angela Thompson
4831,Customer 4831,LOCA02132,Central/Northeast,Angela Thompson
4834,Customer 4834,LOCA02133,Central/Northeast,Angela Thompson
4837,Customer 4837,LOCA02134,Central/Northeast,Angela Thompson
4840,Customer 4840,LOCA02135,Central/Northeast,Angela Thompson
4843,Customer 4843,LOCA02136,Central/Northeast,Angela Thompson
4846,Customer 4846,LOCA02137,Central/Northeast,Angela Thompson
4849,Customer 4849,LOCA02138,Central/Northeast,Angela Thompson
4852,Customer 4852,LOCA02139,Central/Northeast,Angela Thompson
4855,Customer 4855,LOCA02140,Central/Northeast,Angela Thompson
4858,Customer 4858,LOCA02141,Central/Northeast,Angela Thompson
4861,Customer 4861,LOCA02142,Central/Northeast,Angela Thompson
4864,Customer 4864,LOCA02143,Central/Northeast,Angela Thompson
4867,Customer 4867,LOCA02144,Central/Northeast,Angela Thompson
4870,Customer 4870,LOCA02145,Central/Northeast,Angela Thompson
4873,Customer 4873,LOCA02146,Central/Northeast,Angela Thompson
4876,Customer 4876,LOCA02147,Central/Northeast,Angela Thompson
4879,Customer 4879,LOCA02148,Central/Northeast,Angela Thompson
4882,Customer 4882,LOCA02149,Central/Northeast,Angela Thompson
4885,Customer 4885,LOCA02150,Central/Northeast,Angela Thompson
4888,Customer 4888,LOCA02151,Central/Northeast,Angela Thompson
4891,Customer 4891,LOCA02152,Central/Northeast,Angela Thompson
4894,Customer 4894,LOCA02153,Central/Northeast,Angela Thompson
4897,Customer 4897,LOCA02154,Central/Northeast,Angela Thompson
4900,Customer 4900,LOCA02155,Central/Northeast,Angela Thompson
4903,Customer 4903,LOCA02156,Central/Northeast,Angela Thompson
4906,Customer 4906,LOCA02157,Central/Northeast,Angela Thompson
4909,Customer 4909,LOCA02158,Central/Northeast,Angela Thompson
4912,Customer 4912,LOCA02159,Central/Northeast,Angela Thompson
4915,Customer 4915,LOCA02160,Central/Northeast,Angela Thompson
4918,Customer 4918,LOCA02161,Central/Northeast,Angela Thompson
4921,Customer 4921,LOCA02162,Central/Northeast,Angela Thompson
4924,Customer 4924,LOCA02163,Central/Northeast,Angela Thompson
4927,Customer 4927,LOCA02164,Central/Northeast,Angela Thompson
4930,Customer 4930,LOCA02165,Central/Northeast,Angela Thompson
4933,Customer 4933,LOCA02166,Central/Northeast,Angela Thompson
4936,Customer 4936,LOCA02167,Central/Northeast,Angela Thompson
4939,Customer 4939,LOCA02168,Central/Northeast,Angela Thompson
4942,Customer 4942,LOCA02169,Central/Northeast,Angela Thompson
4945,Customer 4945,LOCA02170,Central/Northeast,Angela Thompson
4948,Customer 4948,LOCA02171,Central/Northeast,Angela Thompson
4951,Customer 4951,LOCA02172,Central/Northeast,Angela Thompson
4954,Customer 4954,LOCA02173,Central/Northeast,Angela Thompson
4957,Customer 4957,LOCA02174,Central/Northeast,Angela Thompson
4960,Customer 4960,LOCA02175,Central/Northeast,Angela Thompson
4963,Customer 4963,LOCA02176,Central/Northeast,Angela Thompson
4966,Customer 4966,LOCA02177,Central/Northeast,Angela Thompson
4969,Customer 4969,LOCA02178,Central/Northeast,Angela Thompson
4972,Customer 4972,LOCA02179,Central/Northeast,Angela Thompson
4975,Customer 4975,LOCA02180,Central/Northeast,Angela Thompson
4978,Customer 4978,LOCA02181,Central/Northeast,Angela Thompson
4981,Customer 4981,LOCA02182,Central/Northeast,Angela Thompson
4984,Customer 4984,LOCA02183,Central/Northeast,Angela Thompson
4987,Customer 4987,LOCA02184,Central/Northeast,Angela Thompson
4990,Customer 4990,LOCA02188,Central/Northeast,Angela Thompson
4993,Customer 4993,LOCA02189,Central/Northeast,Angela Thompson
4996,Customer 4996,LOCA02190,Central/Northeast,Angela Thompson
4999,Customer 4999,LOCA02191,Central/Northeast,Angela Thompson
5002,Customer 5002,LOCA02192,Central/Northeast,Angela Thompson
5005,Customer 5005,LOCA02193,Central/Northeast,Angela Thompson
5008,Customer 5008,LOWA02194,West,Robert Garcia
5011,Customer 5011,LOWA02195,West,Robert Garcia
5014,Customer 5014,LOIL02196,Central/Northeast,Angela Thompson
5017,Customer 5017,LOWA02199,West,Robert Garcia
5020,Customer 5020,LOWA02200,West,Robert Garcia
5023,Customer 5023,LOWA02201,West,Robert Garcia
5026,Customer 5026,LOTN02206,West,Robert Garcia
5029,Customer 5029,LOTN02208,West,Robert Garcia
5032,Customer 5032,LOIL02209,Central/Northeast,Angela Thompson
5035,Customer 5035,LOMO02210,Central/Northeast,Angela Thompson
5038,Customer 5038,LOMO02211,Central/Northeast,Angela Thompson
5041,Customer 5041,LOMO02212,Central/Northeast,Angela Thompson
5044,Customer 5044,LOVA02213,South/Southeast,James Miller
5047,Customer 5047,LOVA02216,South/Southeast,James Miller
5050,Customer 5050,LOVA02217,South/Southeast,James Miller
5053,Customer 5053,LOVA02218,South/Southeast,James Miller
5056,Customer 5056,LOVA02219,South/Southeast,James Miller
5059,Customer 5059,LOVA02220,South/Southeast,James Miller
5062,Customer 5062,LOCA02221,Central/Northeast,Angela Thompson
5065,Customer 5065,LOCA02229,Central/Northeast,Angela Thompson
5068,Customer 5068,LOCA02230,Central/Northeast,Angela Thompson
5071,Customer 5071,LOCA02231,Central/Northeast,Angela Thompson
5074,Customer 5074,LOCA02232,Central/Northeast,Angela Thompson
5077,Customer 5077,LOCA02233,Central/Northeast,Angela Thompson
5080,Customer 5080,LOCA02234,Central/Northeast,Angela Thompson
5083,Customer 5083,LOCA02235,Central/Northeast,Angela Thompson
5086,Customer 5086,LOCA02236,Central/Northeast,Angela Thompson
5089,Customer 5089,LOCA02237,Central/Northeast,Angela Thompson
5092,Customer 5092,LOCA02238,Central/Northeast,Angela Thompson
5095,Customer 5095,LOCA02239,Central/Northeast,Angela Thompson
5098,Customer 5098,LOCA02240,Central/Northeast,Angela Thompson
5101,Customer 5101,LOCA02241,Central/Northeast,Angela Thompson
5104,Customer 5104,LOCA02242,Central/Northeast,Angela Thompson
5107,Customer 5107,LOCA02243,Central/Northeast,Angela Thompson
5110,Customer 5110,LOCA02244,Central/Northeast,Angela Thompson
5113,Customer 5113,LOCA02245,Central/Northeast,Angela Thompson
5116,Customer 5116,LOCA02246,Central/Northeast,Angela Thompson
5119,Customer 5119,LOCA02247,Central/Northeast,Angela Thompson
5122,Customer 5122,LOCA02248,Central/Northeast,Angela Thompson
5125,Customer 5125,LOCA02249,Central/Northeast,Angela Thompson
5128,Customer 5128,LOCA02250,Central/Northeast,Angela Thompson
5131,Customer 5131,LOCA02251,Central/Northeast,Angela Thompson
5134,Customer 5134,LOCA02252,Central/Northeast,Angela Thompson
5137,Customer 5137,LOCA02253,Central/Northeast,Angela Thompson
5140,Customer 5140,LOIL02254,Central/Northeast,Angela Thompson
5143,Customer 5143,LOIL02255,Central/Northeast,Angela Thompson
5146,Customer 5146,LOTX02256,South/Southeast,James Miller
5149,Customer 5149,LOTX02257,South/Southeast,James Miller
5152,Customer 5152,LOTX02258,South/Southeast,James Miller
5155,Customer 5155,LOTN02259,West,Robert Garcia
5158,Customer 5158,LOTN02261,West,Robert Garcia
5161,Customer 5161,LOTN02262,West,Robert Garcia
5164,Customer 5164,LOCA02263,Central/Northeast,Angela Thompson
5167,Customer 5167,LOCA02264,Central/Northeast,Angela Thompson
5170,Customer 5170,LOCA02269,Central/Northeast,Angela Thompson
5173,Customer 5173,LOCA02270,Central/Northeast,Angela Thompson
5176,Customer 5176,LOCA02271,Central/Northeast,Angela Thompson
5179,Customer 5179,LOCA02272,Central/Northeast,Angela Thompson
5182,Customer 5182,LOCA02273,Central/Northeast,Angela Thompson
5185,Customer 5185,LOCA02275,Central/Northeast,Angela Thompson
5188,Customer 5188,LOCA02276,Central/Northeast,Angela Thompson
5191,Customer 5191,LOCA02277,Central/Northeast,Angela Thompson
5194,Customer 5194,LOCA02278,Central/Northeast,Angela Thompson
5197,Customer 5197,LOCA02279,Central/Northeast,Angela Thompson
5200,Customer 5200,LOCA02280,Central/Northeast,Angela Thompson
5203,Customer 5203,LOCA02281,Central/Northeast,Angela Thompson
5206,Customer 5206,LOCA02282,Central/Northeast,Angela Thompson
5209,Customer 5209,LOCA02283,Central/Northeast,Angela Thompson
5212,Customer 5212,LOCA02284,Central/Northeast,Angela Thompson
5215,Customer 5215,LOCA02285,Central/Northeast,Angela Thompson
5218,Customer 5218,LOCA02286,Central/Northeast,Angela Thompson
5221,Customer 5221,LOCA02287,Central/Northeast,Angela Thompson
5224,Customer 5224,LOCA02288,Central/Northeast,Angela Thompson
5227,Customer 5227,LOCA02289,Central/Northeast,Angela Thompson
5230,Customer 5230,LOCA02292,Central/Northeast,Angela Thompson
5233,Customer 5233,LOCA02293,Central/Northeast,Angela Thompson
5236,Customer 5236,LOCA02294,Central/Northeast,Angela Thompson
5239,Customer 5239,LOCA02295,Central/Northeast,Angela Thompson
5242,Customer 5242,LOCA02296,Central/Northeast,Angela Thompson
5245,Customer 5245,LOCA02298,Central/Northeast,Angela Thompson
5248,Customer 5248,LOCA02299,Central/Northeast,Angela Thompson
5251,Customer 5251,LOCA02300,Central/Northeast,Angela Thompson
5254,Customer 5254,LOCA02301,Central/Northeast,Angela Thompson
5257,Customer 5257,LOTN02310,West,Robert Garcia
5260,Customer 5260,LOWA02313,West,Robert Garcia
5263,Customer 5263,LOWA02314,West,Robert Garcia
5266,Customer 5266,LOCA02318,Central/Northeast,Angela Thompson
5269,Customer 5269,LOCA02319,Central/Northeast,Angela Thompson
5272,Customer 5272,LOCA02320,Central/Northeast,Angela Thompson
5275,Customer 5275,LOTX02336,South/Southeast,James Miller
5278,Customer 5278,LOTN02337,West,Robert Garcia
5281,Customer 5281,LOTN02339,West,Robert Garcia
5284,Customer 5284,LOTN02340,West,Robert Garcia
5287,Customer 5287,LOTN02341,West,Robert Garcia
5290,Customer 5290,LOIL02350,Central/Northeast,Angela Thompson
5293,Customer 5293,LOIL02351,Central/Northeast,Angela Thompson
5296,Customer 5296,LOIL02352,Central/Northeast,Angela Thompson
5299,Customer 5299,LOIL02353,Central/Northeast,Angela Thompson
5302,Customer 5302,LOWA02354,West,Robert Garcia
5305,Customer 5305,LONY02360,Central/Northeast,Angela Thompson
5308,Customer 5308,LOMO02364,Central/Northeast,Angela Thompson
5311,Customer 5311,LONC02365,West,Robert Garcia
5314,Customer 5314,LONC02366,West,Robert Garcia
5317,Customer 5317,LOIL02376,Central/Northeast,Angela Thompson
5320,Customer 5320,LOIL02377,Central/Northeast,Angela Thompson
5323,Customer 5323,LOIL02378,Central/Northeast,Angela Thompson
5326,Customer 5326,LOIL02379,Central/Northeast,Angela Thompson
5329,Customer 5329,LOIL02380,Central/Northeast,Angela Thompson
5332,Customer 5332,LOIL02381,Central/Northeast,Angela Thompson
5335,Customer 5335,LOIL02382,Central/Northeast,Angela Thompson
5338,Customer 5338,LOIL02383,Central/Northeast,Angela Thompson
5341,Customer 5341,LOIL02384,Central/Northeast,Angela Thompson
5344,Customer 5344,LOIL02385,Central/Northeast,Angela Thompson
5347,Customer 5347,LOTX02390,South/Southeast,James Miller
5350,Customer 5350,LOCA02391,Central/Northeast,Angela Thompson
5353,Customer 5353,LOCA02392,Central/Northeast,Angela Thompson
5356,Customer 5356,LOCA02393,Central/Northeast,Angela Thompson
5359,Customer 5359,LOIL02394,Central/Northeast,Angela Thompson
5362,Customer 5362,LOIL02395,Central/Northeast,Angela Thompson
5365,Customer 5365,LOIL02396,Central/Northeast,Angela Thompson
5368,Customer 5368,LONY02397,Central/Northeast,Angela Thompson
5371,Customer 5371,LONY02398,Central/Northeast,Angela Thompson
5374,Customer 5374,LONY02399,Central/Northeast,Angela Thompson
5377,Customer 5377,LOWA02401,West,Robert Garcia
5380,Customer 5380,LOWA02402,West,Robert Garcia
5383,Customer 5383,LOWA02406,West,Robert Garcia
5386,Customer 5386,LOVA02408,South/Southeast,James Miller
5389,Customer 5389,LOVA02410,South/Southeast,James Miller
5392,Customer 5392,LOVA02411,South/Southeast,James Miller
5395,Customer 5395,LOVA02412,South/Southeast,James Miller
5398,Customer 5398,LOVA02413,South/Southeast,James Miller
5401,Customer 5401,LOCA02414,Central/Northeast,Angela Thompson
5404,Customer 5404,LOVA02415,South/Southeast,James Miller
5407,Customer 5407,LOVA02416,South/Southeast,James Miller
5410,Customer 5410,LOVA02417,South/Southeast,James Miller
5413,Customer 5413,LOVA02418,South/Southeast,James Miller
5416,Customer 5416,LOVA02420,South/Southeast,James Miller
5419,Customer 5419,LOVA02421,South/Southeast,James Miller
5422,Customer 5422,LOVA02424,South/Southeast,James Miller
5425,Customer 5425,LOVA02425,South/Southeast,James Miller
5428,Customer 5428,LOVA02426,South/Southeast,James Miller
